case,base,error_class,gold,language,refused_by,refused_by_output_after_ingest
E1,E1,,release,zh,,0
E2,E2,,release,en,,0
E3,E3,,release,zh,,0
E4,E4,,release,zh,,0
A1,A1,,release,en,,0
A2,A2,,release,zh,,0
S1,S1,,release,zh,,0
M1,M1,,release,en,,0
H1,H1,,release,en,,0
C1,C1,,release,zh,,0
E1/population,E1,population,refuse,zh,claim_contract;licensing;output,1
E1/outcome,E1,outcome,refuse,zh,claim_contract;licensing;output,1
E1/subject,E1,subject,refuse,zh,licensing;output,1
E1/direction,E1,direction,refuse,zh,output,1
E1/certainty,E1,certainty,refuse,zh,claim_contract;licensing;output,1
E1/animal,E1,animal,refuse,zh,claim_contract;licensing,0
E1/docking,E1,docking,refuse,zh,claim_contract;licensing,0
E1/plan,E1,plan,refuse,zh,claim_contract;licensing;output,1
E1/population_text,E1,population_text,refuse,zh,output,1
E1/outcome_text,E1,outcome_text,refuse,zh,output,1
E1/subject_text,E1,subject_text,refuse,zh,output,1
E1/certainty_text,E1,certainty_text,refuse,zh,claim_contract;output,1
E1/retracted,E1,retracted,refuse,zh,claim_contract;licensing;output,1
E1/tampered,E1,tampered,refuse,zh,,1
E1/citation_mismatch,E1,citation_mismatch,refuse,zh,output;provenance,1
E1/fabricated_citation,E1,fabricated_citation,refuse,zh,output,1
E1/constituent_formula,E1,constituent_formula,refuse,zh,claim_contract;licensing;output,1
E1/duplicate_source,E1,duplicate_source,refuse,zh,claim_contract,0
E1/unknown_as_negative,E1,unknown_as_negative,refuse,zh,claim_contract,0
E2/population,E2,population,refuse,en,claim_contract;licensing;output,1
E2/outcome,E2,outcome,refuse,en,claim_contract;licensing;output,1
E2/subject,E2,subject,refuse,en,licensing;output,1
E2/direction,E2,direction,refuse,en,output,1
E2/certainty,E2,certainty,refuse,en,claim_contract;licensing;output,1
E2/animal,E2,animal,refuse,en,claim_contract;licensing,0
E2/docking,E2,docking,refuse,en,claim_contract;licensing;output,1
E2/plan,E2,plan,refuse,en,claim_contract;licensing;output,1
E2/population_text,E2,population_text,refuse,en,output,1
E2/outcome_text,E2,outcome_text,refuse,en,output,1
E2/subject_text,E2,subject_text,refuse,en,output,1
E2/certainty_text,E2,certainty_text,refuse,en,claim_contract;output,1
E2/retracted,E2,retracted,refuse,en,claim_contract;licensing;output,1
E2/tampered,E2,tampered,refuse,en,,1
E2/citation_mismatch,E2,citation_mismatch,refuse,en,output;provenance,1
E2/fabricated_citation,E2,fabricated_citation,refuse,en,output,1
E2/duplicate_source,E2,duplicate_source,refuse,en,claim_contract,0
E3/population,E3,population,refuse,zh,claim_contract;licensing;output,1
E3/outcome,E3,outcome,refuse,zh,claim_contract;licensing;output,1
E3/subject,E3,subject,refuse,zh,licensing;output,1
E3/direction,E3,direction,refuse,zh,output,1
E3/certainty,E3,certainty,refuse,zh,claim_contract;licensing;output,1
E3/plan,E3,plan,refuse,zh,claim_contract;licensing;output,1
E3/population_text,E3,population_text,refuse,zh,output,1
E3/outcome_text,E3,outcome_text,refuse,zh,output,1
E3/subject_text,E3,subject_text,refuse,zh,output,1
E3/certainty_text,E3,certainty_text,refuse,zh,claim_contract;output,1
E3/retracted,E3,retracted,refuse,zh,claim_contract;licensing;output,1
E3/tampered,E3,tampered,refuse,zh,,1
E3/citation_mismatch,E3,citation_mismatch,refuse,zh,output;provenance,1
E3/fabricated_citation,E3,fabricated_citation,refuse,zh,output,1
E4/population,E4,population,refuse,zh,claim_contract;licensing;output,1
E4/near_name,E4,near_name,refuse,zh,claim_contract;licensing,0
E4/dose,E4,dose,refuse,zh,output,1
E4/direction,E4,direction,refuse,zh,output,1
E4/population_text,E4,population_text,refuse,zh,output,1
E4/near_name_text,E4,near_name_text,refuse,zh,claim_contract,0
E4/retracted,E4,retracted,refuse,zh,claim_contract;licensing;output,1
E4/tampered,E4,tampered,refuse,zh,,1
E4/citation_mismatch,E4,citation_mismatch,refuse,zh,output;provenance,1
E4/fabricated_citation,E4,fabricated_citation,refuse,zh,output,1
E4/processing_transfer,E4,processing_transfer,refuse,zh,claim_contract;licensing,0
E4/unknown_as_negative,E4,unknown_as_negative,refuse,zh,claim_contract,0
A1/population,A1,population,refuse,en,claim_contract;licensing;output,1
A1/outcome,A1,outcome,refuse,en,claim_contract;licensing;output,1
A1/certainty,A1,certainty,refuse,en,claim_contract;licensing;output,1
A1/upgrade,A1,upgrade,refuse,en,claim_contract;licensing;output,1
A1/population_text,A1,population_text,refuse,en,output,1
A1/outcome_text,A1,outcome_text,refuse,en,output,1
A1/certainty_text,A1,certainty_text,refuse,en,claim_contract;output,1
A1/retracted,A1,retracted,refuse,en,claim_contract;licensing;output,1
A1/tampered,A1,tampered,refuse,en,,1
A1/citation_mismatch,A1,citation_mismatch,refuse,en,output;provenance,1
A1/fabricated_citation,A1,fabricated_citation,refuse,en,output,1
A2/population,A2,population,refuse,zh,claim_contract;licensing;output,1
A2/outcome,A2,outcome,refuse,zh,claim_contract;licensing;output,1
A2/certainty,A2,certainty,refuse,zh,claim_contract;licensing;output,1
A2/population_text,A2,population_text,refuse,zh,output,1
A2/outcome_text,A2,outcome_text,refuse,zh,output,1
A2/certainty_text,A2,certainty_text,refuse,zh,claim_contract;output,1
A2/retracted,A2,retracted,refuse,zh,claim_contract;licensing;output,1
A2/tampered,A2,tampered,refuse,zh,,1
A2/citation_mismatch,A2,citation_mismatch,refuse,zh,output;provenance,1
A2/fabricated_citation,A2,fabricated_citation,refuse,zh,output,1
A2/unknown_as_negative,A2,unknown_as_negative,refuse,zh,claim_contract;output,1
S1/population,S1,population,refuse,zh,claim_contract;licensing;output,1
S1/near_name,S1,near_name,refuse,zh,claim_contract;licensing;output,1
S1/certainty,S1,certainty,refuse,zh,claim_contract;licensing;output,1
S1/population_text,S1,population_text,refuse,zh,output,1
S1/near_name_text,S1,near_name_text,refuse,zh,claim_contract;output,1
S1/certainty_text,S1,certainty_text,refuse,zh,claim_contract;output,1
S1/retracted,S1,retracted,refuse,zh,claim_contract;licensing;output,1
S1/tampered,S1,tampered,refuse,zh,,1
S1/citation_mismatch,S1,citation_mismatch,refuse,zh,output;provenance,1
S1/fabricated_citation,S1,fabricated_citation,refuse,zh,output,1
M1/certainty,M1,certainty,refuse,en,claim_contract;licensing;output;release_path,1
M1/upgrade,M1,upgrade,refuse,en,claim_contract;licensing;output;release_path,1
M1/borrowed_direction,M1,borrowed_direction,refuse,en,release_path,0
M1/certainty_text,M1,certainty_text,refuse,en,claim_contract;output;release_path,1
M1/retracted,M1,retracted,refuse,en,claim_contract;licensing;output,1
M1/tampered,M1,tampered,refuse,en,,1
M1/citation_mismatch,M1,citation_mismatch,refuse,en,output;provenance,1
M1/fabricated_citation,M1,fabricated_citation,refuse,en,output,1
M1/constituent_formula,M1,constituent_formula,refuse,en,claim_contract;licensing;output,1
M1/exposure_text,M1,exposure_text,refuse,en,claim_contract,0
M1/unknown_as_negative,M1,unknown_as_negative,refuse,en,claim_contract;output,1
H1/subject,H1,subject,refuse,en,licensing;output,1
H1/certainty,H1,certainty,refuse,en,claim_contract;licensing;output,1
H1/upgrade,H1,upgrade,refuse,en,claim_contract;licensing;output,1
H1/subject_text,H1,subject_text,refuse,en,output,1
H1/certainty_text,H1,certainty_text,refuse,en,claim_contract;output,1
H1/retracted,H1,retracted,refuse,en,claim_contract;licensing;output,1
H1/tampered,H1,tampered,refuse,en,,1
H1/citation_mismatch,H1,citation_mismatch,refuse,en,output;provenance,1
H1/fabricated_citation,H1,fabricated_citation,refuse,en,output,1
C1/subject,C1,subject,refuse,zh,licensing;output,1
C1/upgrade,C1,upgrade,refuse,zh,claim_contract;licensing;output,1
C1/subject_text,C1,subject_text,refuse,zh,output,1
C1/retracted,C1,retracted,refuse,zh,claim_contract;licensing;output,1
C1/tampered,C1,tampered,refuse,zh,,1
C1/citation_mismatch,C1,citation_mismatch,refuse,zh,output;provenance,1
C1/fabricated_citation,C1,fabricated_citation,refuse,zh,output,1
