error_class,n,provenance,output,licensing,claim_contract,release_path,kernel,domain,full
population,7,0.0,1.0,1.0,1.0,0.0,1.0,1.0,1.0
outcome,5,0.0,1.0,1.0,1.0,0.0,1.0,1.0,1.0
subject,5,0.0,1.0,1.0,0.0,0.0,1.0,0.0,1.0
direction,4,0.0,1.0,0.0,0.0,0.0,1.0,0.0,1.0
certainty,8,0.0,1.0,1.0,1.0,0.125,1.0,1.0,1.0
animal,2,0.0,0.0,1.0,1.0,0.0,1.0,1.0,1.0
docking,2,0.0,0.5,1.0,1.0,0.0,1.0,1.0,1.0
plan,3,0.0,1.0,1.0,1.0,0.0,1.0,1.0,1.0
population_text,7,0.0,1.0,0.0,0.0,0.0,1.0,0.0,1.0
outcome_text,5,0.0,1.0,0.0,0.0,0.0,1.0,0.0,1.0
subject_text,5,0.0,1.0,0.0,0.0,0.0,1.0,0.0,1.0
certainty_text,8,0.0,1.0,0.0,1.0,0.125,1.0,1.0,1.0
retracted,10,0.0,1.0,1.0,1.0,0.0,1.0,1.0,1.0
tampered,10,0.0,0.0,0.0,0.0,0.0,1.0,0.0,1.0
citation_mismatch,10,1.0,1.0,0.0,0.0,0.0,1.0,0.0,1.0
fabricated_citation,10,0.0,1.0,0.0,0.0,0.0,1.0,0.0,1.0
constituent_formula,2,0.0,1.0,1.0,1.0,0.0,1.0,1.0,1.0
duplicate_source,2,0.0,0.0,0.0,1.0,0.0,0.0,1.0,1.0
unknown_as_negative,4,0.0,0.5,0.0,1.0,0.0,0.5,1.0,1.0
near_name,2,0.0,0.5,1.0,1.0,0.0,1.0,1.0,1.0
dose,1,0.0,1.0,0.0,0.0,0.0,1.0,0.0,1.0
near_name_text,2,0.0,0.5,0.0,1.0,0.0,0.5,1.0,1.0
processing_transfer,1,0.0,0.0,1.0,1.0,0.0,1.0,1.0,1.0
upgrade,4,0.0,1.0,1.0,1.0,0.25,1.0,1.0,1.0
borrowed_direction,1,0.0,0.0,0.0,0.0,1.0,0.0,1.0,1.0
exposure_text,1,0.0,0.0,0.0,1.0,0.0,0.0,1.0,1.0
