group,cmax_nM_total,assay,ac50_uM,ratio_low,ratio_high,verdict
GQD,83.8,CCTE_Shafer_MEA_dev_network_spike_number,0.0798,0.0105066842,1.0506684237,depends_on_unknowns
GQD,83.8,CCTE_Shafer_MEA_dev_LDH,0.0881,0.0095189943,0.9518994308,depends_on_unknowns
GQD,83.8,CCTE_Shafer_MEA_dev_mutual_information_norm,0.0926,0.0090559679,0.9055967919,depends_on_unknowns
GQD,83.8,CCTE_Shafer_MEA_dev_burst_rate,0.0928,0.0090331629,0.9033162879,depends_on_unknowns
GQD,83.8,CCTE_Shafer_MEA_dev_network_spike_duration_std,0.0974,0.0086092824,0.8609282411,depends_on_unknowns
GQD,83.8,CCTE_Shafer_MEA_dev_correlation_coefficient_mean,0.106,0.007905769,0.790576901,depends_on_unknowns
GQD,83.8,CCTE_Shafer_MEA_dev_firing_rate_mean,0.1064,0.007876445,0.7876445036,depends_on_unknowns
GQD,83.8,CCTE_Shafer_MEA_dev_per_network_spike_spike_number_mean,0.1093,0.0076734025,0.7673402459,depends_on_unknowns
GQD,83.8,CCTE_Shafer_MEA_dev_per_network_spike_spike_percent,0.1174,0.0071401307,0.714013068,depends_on_unknowns
GQD,83.8,CCTE_Shafer_MEA_dev_bursting_electrodes_number,0.1296,0.0064685358,0.6468535808,depends_on_unknowns
GQD,83.8,CCTE_Shafer_MEA_dev_spike_duration_mean,0.1298,0.0064584461,0.6458446107,depends_on_unknowns
GQD,83.8,TOX21_SHH_3T3_GLI3_LUC_Antagonist,0.144,0.0058235922,0.5823592235,depends_on_unknowns
GQD,83.8,CCTE_Shafer_MEA_dev_per_burst_spike_percent,0.1446,0.0057974976,0.5797497623,depends_on_unknowns
GQD,83.8,CCTE_Shafer_MEA_dev_network_spike_peak,0.1558,0.0053808123,0.5380812254,depends_on_unknowns
GQD,83.8,CCTE_Shafer_MEA_dev_active_electrodes_number,0.1607,0.0052182476,0.5218247594,depends_on_unknowns
GQD,83.8,CCTE_Shafer_MEA_dev_inter_network_spike_interval_mean,0.2361,0.003550649,0.3550648998,depends_on_unknowns
GQD,83.8,CCTE_Shafer_MEA_dev_interburst_interval_mean,0.2865,0.0029262038,0.2926203836,depends_on_unknowns
GQD,83.8,CCTE_Shafer_MEA_dev_burst_duration_mean,0.2909,0.0028818261,0.2881826145,depends_on_unknowns
GQD,83.8,CCTE_Shafer_MEA_dev_per_burst_interspike_interval,0.3805,0.0022031118,0.2203111762,depends_on_unknowns
GQD,83.8,CCTE_Shafer_MEA_dev_AB,0.4499,0.0018636948,0.1863694767,depends_on_unknowns
GQD,83.8,TOX21_AhR_LUC_Agonist,0.6347,0.0013209998,0.1320999766,depends_on_unknowns
GQD,83.8,TOX21_p450_CYP2D6_Antagonist,0.7057,0.0011881047,0.1188104715,depends_on_unknowns
GQD-GC,96.0,CCTE_Shafer_MEA_dev_network_spike_number,0.0798,0.0120268003,1.2026800255,depends_on_unknowns
GQD-GC,96.0,CCTE_Shafer_MEA_dev_LDH,0.0881,0.0108962105,1.0896210506,depends_on_unknowns
GQD-GC,96.0,CCTE_Shafer_MEA_dev_mutual_information_norm,0.0926,0.0103661931,1.0366193064,depends_on_unknowns
GQD-GC,96.0,CCTE_Shafer_MEA_dev_burst_rate,0.0928,0.0103400886,1.0340088572,depends_on_unknowns
GQD-GC,96.0,CCTE_Shafer_MEA_dev_network_spike_duration_std,0.0974,0.0098548807,0.9854880717,depends_on_unknowns
GQD-GC,96.0,CCTE_Shafer_MEA_dev_correlation_coefficient_mean,0.106,0.0090495824,0.9049582398,depends_on_unknowns
GQD-GC,96.0,CCTE_Shafer_MEA_dev_firing_rate_mean,0.1064,0.0090160158,0.9016015807,depends_on_unknowns
GQD-GC,96.0,CCTE_Shafer_MEA_dev_per_network_spike_spike_number_mean,0.1093,0.0087835969,0.8783596858,depends_on_unknowns
GQD-GC,96.0,CCTE_Shafer_MEA_dev_per_network_spike_spike_percent,0.1174,0.0081731709,0.8173170863,depends_on_unknowns
GQD-GC,96.0,CCTE_Shafer_MEA_dev_bursting_electrodes_number,0.1296,0.0074044091,0.7404409074,depends_on_unknowns
GQD-GC,96.0,CCTE_Shafer_MEA_dev_spike_duration_mean,0.1298,0.0073928596,0.7392859587,depends_on_unknowns
GQD-GC,96.0,TOX21_SHH_3T3_GLI3_LUC_Antagonist,0.144,0.0066661545,0.6666154516,depends_on_unknowns
GQD-GC,96.0,CCTE_Shafer_MEA_dev_per_burst_spike_percent,0.1446,0.0066362845,0.6636284514,depends_on_unknowns
GQD-GC,96.0,CCTE_Shafer_MEA_dev_network_spike_peak,0.1558,0.0061593128,0.6159312751,depends_on_unknowns
GQD-GC,96.0,CCTE_Shafer_MEA_dev_active_electrodes_number,0.1607,0.0059732281,0.5973228097,depends_on_unknowns
GQD-GC,96.0,CCTE_Shafer_MEA_dev_inter_network_spike_interval_mean,0.2361,0.0040643599,0.4064359917,depends_on_unknowns
GQD-GC,96.0,CCTE_Shafer_MEA_dev_interburst_interval_mean,0.2865,0.0033495695,0.3349569498,depends_on_unknowns
GQD-GC,96.0,CCTE_Shafer_MEA_dev_burst_duration_mean,0.2909,0.0032987712,0.3298771204,depends_on_unknowns
GQD-GC,96.0,CCTE_Shafer_MEA_dev_per_burst_interspike_interval,0.3805,0.0025218598,0.2521859846,depends_on_unknowns
GQD-GC,96.0,CCTE_Shafer_MEA_dev_AB,0.4499,0.0021333357,0.2133335712,depends_on_unknowns
GQD-GC,96.0,TOX21_AhR_LUC_Agonist,0.6347,0.0015121231,0.1512123137,depends_on_unknowns
GQD-GC,96.0,TOX21_p450_CYP2D6_Antagonist,0.7057,0.0013600007,0.1360000717,depends_on_unknowns
HL,227.9,CCTE_Shafer_MEA_dev_network_spike_number,0.0798,0.0285580619,2.8558061943,depends_on_unknowns
HL,227.9,CCTE_Shafer_MEA_dev_LDH,0.0881,0.0258734367,2.5873436657,depends_on_unknowns
HL,227.9,CCTE_Shafer_MEA_dev_mutual_information_norm,0.0926,0.0246148915,2.4614891524,depends_on_unknowns
HL,227.9,CCTE_Shafer_MEA_dev_burst_rate,0.0928,0.0245529055,2.4552905485,depends_on_unknowns
HL,227.9,CCTE_Shafer_MEA_dev_network_spike_duration_std,0.0974,0.0234007623,2.3400762298,depends_on_unknowns
HL,227.9,CCTE_Shafer_MEA_dev_correlation_coefficient_mean,0.106,0.021488553,2.1488553,depends_on_unknowns
HL,227.9,CCTE_Shafer_MEA_dev_firing_rate_mean,0.1064,0.0214088479,2.1408847944,depends_on_unknowns
HL,227.9,CCTE_Shafer_MEA_dev_per_network_spike_spike_number_mean,0.1093,0.0208569609,2.085696094,depends_on_unknowns
HL,227.9,CCTE_Shafer_MEA_dev_per_network_spike_spike_percent,0.1174,0.0194074829,1.9407482859,depends_on_unknowns
HL,227.9,CCTE_Shafer_MEA_dev_bursting_electrodes_number,0.1296,0.0175820308,1.758203084,depends_on_unknowns
HL,227.9,CCTE_Shafer_MEA_dev_spike_duration_mean,0.1298,0.0175546062,1.7554606175,depends_on_unknowns
HL,227.9,TOX21_SHH_3T3_GLI3_LUC_Antagonist,0.144,0.0158290193,1.582901932,depends_on_unknowns
HL,227.9,CCTE_Shafer_MEA_dev_per_burst_spike_percent,0.1446,0.0157580919,1.5758091944,depends_on_unknowns
HL,227.9,CCTE_Shafer_MEA_dev_network_spike_peak,0.1558,0.0146255056,1.4625505649,depends_on_unknowns
HL,227.9,CCTE_Shafer_MEA_dev_active_electrodes_number,0.1607,0.0141836411,1.4183641067,depends_on_unknowns
HL,227.9,CCTE_Shafer_MEA_dev_inter_network_spike_interval_mean,0.2361,0.0096509662,0.965096616,depends_on_unknowns
HL,227.9,CCTE_Shafer_MEA_dev_interburst_interval_mean,0.2865,0.0079536711,0.7953671066,depends_on_unknowns
HL,227.9,CCTE_Shafer_MEA_dev_burst_duration_mean,0.2909,0.0078330487,0.7833048723,depends_on_unknowns
HL,227.9,CCTE_Shafer_MEA_dev_per_burst_interspike_interval,0.3805,0.0059882453,0.5988245267,depends_on_unknowns
HL,227.9,CCTE_Shafer_MEA_dev_AB,0.4499,0.005065681,0.506568099,depends_on_unknowns
HL,227.9,TOX21_AhR_LUC_Agonist,0.6347,0.0035905898,0.359058979,depends_on_unknowns
HL,227.9,TOX21_p450_CYP2D6_Antagonist,0.7057,0.0032293697,0.3229369732,depends_on_unknowns
HL,227.9,TOX21_AChE_Colorimetric_Antagonist,1.3824,0.0016484497,0.1648449689,depends_on_unknowns
HL,227.9,TOX21_MMP_rhodamine,1.6834,0.0013536849,0.1353684935,depends_on_unknowns
HL,227.9,TOX21_MMP_ratio,1.7456,0.001305479,0.1305478992,depends_on_unknowns
HL,227.9,TOX21_p450_CYP2D6_Antagonist,1.8106,0.0012585931,0.1258593125,depends_on_unknowns
HL,227.9,TOX21_AR_LUC_MDAKB2_Antagonist_10nM_R1881,1.9483,0.0011696314,0.1169631446,depends_on_unknowns
HL,227.9,TOX21_ARE_BLA_Agonist_ch2,2.1078,0.0010811072,0.1081107179,depends_on_unknowns
