claim_type,design,predictive,licensed
classical_attribution,animal,0,0
classical_attribution,case_report,0,0
classical_attribution,classical_text,0,1
classical_attribution,docking,1,0
classical_attribution,expert_consensus,0,0
classical_attribution,in_silico,1,0
classical_attribution,in_vitro,0,0
classical_attribution,molecular_dynamics,1,0
classical_attribution,network_prediction,1,0
classical_attribution,observational,0,0
classical_attribution,pathway_enrichment,1,0
classical_attribution,randomized_trial,0,0
classical_attribution,systematic_review,0,0
classical_attribution,target_prediction,1,0
traditional_use,animal,0,0
traditional_use,case_report,0,0
traditional_use,classical_text,0,1
traditional_use,docking,1,0
traditional_use,expert_consensus,0,1
traditional_use,in_silico,1,0
traditional_use,in_vitro,0,0
traditional_use,molecular_dynamics,1,0
traditional_use,network_prediction,1,0
traditional_use,observational,0,0
traditional_use,pathway_enrichment,1,0
traditional_use,randomized_trial,0,0
traditional_use,systematic_review,0,0
traditional_use,target_prediction,1,0
mechanism,animal,0,1
mechanism,case_report,0,0
mechanism,classical_text,0,0
mechanism,docking,1,0
mechanism,expert_consensus,0,0
mechanism,in_silico,1,0
mechanism,in_vitro,0,1
mechanism,molecular_dynamics,1,0
mechanism,network_prediction,1,0
mechanism,observational,0,0
mechanism,pathway_enrichment,1,0
mechanism,randomized_trial,0,0
mechanism,systematic_review,0,0
mechanism,target_prediction,1,0
mechanism_hypothesis,animal,0,1
mechanism_hypothesis,case_report,0,0
mechanism_hypothesis,classical_text,0,0
mechanism_hypothesis,docking,1,1
mechanism_hypothesis,expert_consensus,0,0
mechanism_hypothesis,in_silico,1,1
mechanism_hypothesis,in_vitro,0,1
mechanism_hypothesis,molecular_dynamics,1,1
mechanism_hypothesis,network_prediction,1,1
mechanism_hypothesis,observational,0,0
mechanism_hypothesis,pathway_enrichment,1,1
mechanism_hypothesis,randomized_trial,0,0
mechanism_hypothesis,systematic_review,0,0
mechanism_hypothesis,target_prediction,1,1
association,animal,0,0
association,case_report,0,0
association,classical_text,0,0
association,docking,1,0
association,expert_consensus,0,0
association,in_silico,1,0
association,in_vitro,0,0
association,molecular_dynamics,1,0
association,network_prediction,1,0
association,observational,0,1
association,pathway_enrichment,1,0
association,randomized_trial,0,1
association,systematic_review,0,0
association,target_prediction,1,0
clinical_efficacy,animal,0,0
clinical_efficacy,case_report,0,0
clinical_efficacy,classical_text,0,0
clinical_efficacy,docking,1,0
clinical_efficacy,expert_consensus,0,0
clinical_efficacy,in_silico,1,0
clinical_efficacy,in_vitro,0,0
clinical_efficacy,molecular_dynamics,1,0
clinical_efficacy,network_prediction,1,0
clinical_efficacy,observational,0,0
clinical_efficacy,pathway_enrichment,1,0
clinical_efficacy,randomized_trial,0,1
clinical_efficacy,systematic_review,0,0
clinical_efficacy,target_prediction,1,0
safety_signal,animal,0,0
safety_signal,case_report,0,1
safety_signal,classical_text,0,0
safety_signal,docking,1,0
safety_signal,expert_consensus,0,0
safety_signal,in_silico,1,0
safety_signal,in_vitro,0,0
safety_signal,molecular_dynamics,1,0
safety_signal,network_prediction,1,0
safety_signal,observational,0,1
safety_signal,pathway_enrichment,1,0
safety_signal,randomized_trial,0,1
safety_signal,systematic_review,0,0
safety_signal,target_prediction,1,0
