case,order,text,kind,allowed,codes,origin,steps
rnaseq,1,"In these cells, treatment T raised the expression of SIM0000.",mechanism,1,,re-run here,differential expression: builtin bioagent.omics.deseq sha256:d0919f534803; preranked GSEA: gseapy 1.3.1; evidence items: bioagent.contracts
rnaseq,2,"Treatment T may act through the PLANTED_UP pathway: its genes rank high among those raised in treated cells, a hypothesis for testing.",mechanism_hypothesis,1,,re-run here,differential expression: builtin bioagent.omics.deseq sha256:d0919f534803; preranked GSEA: gseapy 1.3.1; evidence items: bioagent.contracts
rnaseq,3,Treatment T activates the PLANTED_UP pathway.,mechanism,0,CLM005,re-run here,differential expression: builtin bioagent.omics.deseq sha256:d0919f534803; preranked GSEA: gseapy 1.3.1; evidence items: bioagent.contracts
rnaseq,4,Treatment T may act through the PLANTED_UP pathway at concentrations reached in patients.,mechanism_hypothesis,0,CLM017,re-run here,differential expression: builtin bioagent.omics.deseq sha256:d0919f534803; preranked GSEA: gseapy 1.3.1; evidence items: bioagent.contracts
rnaseq,5,Treatment T improves outcomes in patients.,efficacy,0,CLM004;CLM005,re-run here,differential expression: builtin bioagent.omics.deseq sha256:d0919f534803; preranked GSEA: gseapy 1.3.1; evidence items: bioagent.contracts
literature,1,葛根芩连汤可降低成人2型糖尿病患者的糖化血红蛋白。,efficacy,0,CLM006,re-run here,index the corpus: paper-qa 2026.8.12 tiktoken 0.14.0; retrieve passages: paper-qa 2026.8.12 tiktoken 0.14.0; type the passages: bioagent.literature rules; reviewer assessment: a person (case fixture)
literature,2,葛根芩连汤可降低成人2型糖尿病患者的糖化血红蛋白。,efficacy,1,,re-run here,index the corpus: paper-qa 2026.8.12 tiktoken 0.14.0; retrieve passages: paper-qa 2026.8.12 tiktoken 0.14.0; type the passages: bioagent.literature rules; reviewer assessment: a person (case fixture)
literature,3,葛根芩连汤可降低儿童2型糖尿病患者的糖化血红蛋白。,efficacy,0,CLM013;CLM009,re-run here,index the corpus: paper-qa 2026.8.12 tiktoken 0.14.0; retrieve passages: paper-qa 2026.8.12 tiktoken 0.14.0; type the passages: bioagent.literature rules; reviewer assessment: a person (case fixture)
literature,4,葛根芩连汤可降低成人2型糖尿病患者的糖化血红蛋白，且未见明显不良反应。,efficacy,0,CLM019,re-run here,index the corpus: paper-qa 2026.8.12 tiktoken 0.14.0; retrieve passages: paper-qa 2026.8.12 tiktoken 0.14.0; type the passages: bioagent.literature rules; reviewer assessment: a person (case fixture)
literature,5,Empagliflozin reduced hospitalization for heart failure.,efficacy,0,CLM002,re-run here,index the corpus: paper-qa 2026.8.12 tiktoken 0.14.0; retrieve passages: paper-qa 2026.8.12 tiktoken 0.14.0; type the passages: bioagent.literature rules; reviewer assessment: a person (case fixture)
literature,6,Higher serum C-telopeptide was associated with all-cause mortality in adults aged 65 or older.,association,1,,re-run here,index the corpus: paper-qa 2026.8.12 tiktoken 0.14.0; retrieve passages: paper-qa 2026.8.12 tiktoken 0.14.0; type the passages: bioagent.literature rules; reviewer assessment: a person (case fixture)
compound,1,Docking suggests 4-aminobenzamidine may bind trypsin's S1 pocket (a hypothesis for an assay),mechanism_hypothesis,1,,recorded 2026-10-07 (docs/end-to-end-cases.md:90),
compound,2,4-Aminobenzamidine inhibits human trypsin-1,mechanism,0,CLM005,recorded 2026-10-07 (docs/end-to-end-cases.md:91),
compound,3,4-Aminobenzamidine reduces attacks of hereditary chronic pancreatitis,efficacy,0,CLM004;CLM005;CLM013;CLM009,recorded 2026-10-07 (docs/end-to-end-cases.md:92),
compound,4,… may bind trypsin at concentrations reached in patients,mechanism_hypothesis,0,CLM017,recorded 2026-10-07 (docs/end-to-end-cases.md:93),
