stratum,language,reference,drawn,frame,examined
randomized_trial,en,randomized_trial,60,6945,64
systematic_review,en,systematic_review,60,12423,66
cohort,en,observational,20,340,20
case_control,en,observational,20,76,21
cross_sectional,en,observational,20,568,20
observational,en,observational,15,4188,15
case_report,en,case_report,50,20764,54
animal,en,animal,50,35698,53
in_vitro,en,in_vitro,50,6124,58
narrative_review,en,narrative_review,30,64716,32
editorial,en,editorial,25,3072,114
protocol,en,protocol,30,1622,30
zh_randomized_trial,zh,randomized_trial,12,36,12
zh_systematic_review,zh,systematic_review,8,503,49
zh_case_report,zh,case_report,8,197,9
zh_animal,zh,animal,6,100,7
zh_in_vitro,zh,in_vitro,6,216,8
zh_narrative_review,zh,narrative_review,8,568,12
