version,split,design,metric,k,n,rate,ci_low,ci_high
before,dev,systematic_review,precision,11,11,1.0,0.7412,1.0
before,dev,systematic_review,recall,11,28,0.3929,0.2357,0.5759
before,dev,systematic_review,abstention,17,28,0.6071,0.4241,0.7643
before,dev,systematic_review,wrong,0,28,0.0,0.0,0.1206
before,dev,randomized_trial,precision,23,34,0.6765,0.5084,0.8087
before,dev,randomized_trial,recall,23,24,0.9583,0.7976,0.9926
before,dev,randomized_trial,abstention,1,24,0.0417,0.0074,0.2024
before,dev,randomized_trial,wrong,0,24,0.0,0.0,0.138
before,dev,observational,precision,23,23,1.0,0.8569,1.0
before,dev,observational,recall,23,33,0.697,0.5266,0.8262
before,dev,observational,abstention,9,33,0.2727,0.1507,0.4422
before,dev,observational,wrong,1,33,0.0303,0.0054,0.1532
before,dev,case_report,precision,14,14,1.0,0.7847,1.0
before,dev,case_report,recall,14,16,0.875,0.6398,0.965
before,dev,case_report,abstention,2,16,0.125,0.035,0.3602
before,dev,case_report,wrong,0,16,0.0,0.0,0.1936
before,dev,animal,precision,9,10,0.9,0.5958,0.9821
before,dev,animal,recall,9,25,0.36,0.2025,0.5548
before,dev,animal,abstention,16,25,0.64,0.4452,0.7975
before,dev,animal,wrong,0,25,0.0,0.0,0.1332
before,dev,in_vitro,precision,6,6,1.0,0.6097,1.0
before,dev,in_vitro,recall,6,14,0.4286,0.2138,0.6741
before,dev,in_vitro,abstention,8,14,0.5714,0.3259,0.7862
before,dev,in_vitro,wrong,0,14,0.0,0.0,0.2153
before,test,systematic_review,precision,22,23,0.9565,0.7901,0.9923
before,test,systematic_review,recall,22,40,0.55,0.3983,0.6929
before,test,systematic_review,abstention,18,40,0.45,0.3071,0.6017
before,test,systematic_review,wrong,0,40,0.0,0.0,0.0876
before,test,randomized_trial,precision,36,52,0.6923,0.5573,0.8009
before,test,randomized_trial,recall,36,48,0.75,0.6122,0.8508
before,test,randomized_trial,abstention,11,48,0.2292,0.1331,0.3654
before,test,randomized_trial,wrong,1,48,0.0208,0.0037,0.109
before,test,observational,precision,32,33,0.9697,0.8468,0.9946
before,test,observational,recall,32,42,0.7619,0.6147,0.8652
before,test,observational,abstention,10,42,0.2381,0.1348,0.3853
before,test,observational,wrong,0,42,0.0,0.0,0.0838
before,test,case_report,precision,27,27,1.0,0.8754,1.0
before,test,case_report,recall,27,42,0.6429,0.4917,0.7701
before,test,case_report,abstention,15,42,0.3571,0.2299,0.5083
before,test,case_report,wrong,0,42,0.0,0.0,0.0838
before,test,animal,precision,12,13,0.9231,0.6669,0.9863
before,test,animal,recall,12,31,0.3871,0.2373,0.5618
before,test,animal,abstention,19,31,0.6129,0.4382,0.7627
before,test,animal,wrong,0,31,0.0,0.0,0.1103
before,test,in_vitro,precision,26,27,0.963,0.8172,0.9934
before,test,in_vitro,recall,26,42,0.619,0.4681,0.75
before,test,in_vitro,abstention,16,42,0.381,0.25,0.5319
before,test,in_vitro,wrong,0,42,0.0,0.0,0.0838
after,dev,systematic_review,precision,27,27,1.0,0.8754,1.0
after,dev,systematic_review,recall,27,28,0.9643,0.8229,0.9937
after,dev,systematic_review,abstention,1,28,0.0357,0.0063,0.1771
after,dev,systematic_review,wrong,0,28,0.0,0.0,0.1206
after,dev,randomized_trial,precision,22,22,1.0,0.8513,1.0
after,dev,randomized_trial,recall,22,24,0.9167,0.7415,0.9768
after,dev,randomized_trial,abstention,2,24,0.0833,0.0232,0.2585
after,dev,randomized_trial,wrong,0,24,0.0,0.0,0.138
after,dev,observational,precision,30,30,1.0,0.8865,1.0
after,dev,observational,recall,30,33,0.9091,0.7643,0.9686
after,dev,observational,abstention,2,33,0.0606,0.0168,0.1961
after,dev,observational,wrong,1,33,0.0303,0.0054,0.1532
after,dev,case_report,precision,16,16,1.0,0.8064,1.0
after,dev,case_report,recall,16,16,1.0,0.8064,1.0
after,dev,case_report,abstention,0,16,0.0,0.0,0.1936
after,dev,case_report,wrong,0,16,0.0,0.0,0.1936
after,dev,animal,precision,13,14,0.9286,0.6853,0.9873
after,dev,animal,recall,13,25,0.52,0.335,0.6997
after,dev,animal,abstention,11,25,0.44,0.2667,0.6293
after,dev,animal,wrong,1,25,0.04,0.0071,0.1954
after,dev,in_vitro,precision,11,12,0.9167,0.6461,0.9851
after,dev,in_vitro,recall,11,14,0.7857,0.5241,0.9243
after,dev,in_vitro,abstention,3,14,0.2143,0.0757,0.4759
after,dev,in_vitro,wrong,0,14,0.0,0.0,0.2153
after,test,systematic_review,precision,36,38,0.9474,0.8271,0.9854
after,test,systematic_review,recall,36,40,0.9,0.7695,0.9604
after,test,systematic_review,abstention,4,40,0.1,0.0396,0.2305
after,test,systematic_review,wrong,0,40,0.0,0.0,0.0876
after,test,randomized_trial,precision,35,36,0.9722,0.8583,0.9951
after,test,randomized_trial,recall,35,48,0.7292,0.59,0.8343
after,test,randomized_trial,abstention,12,48,0.25,0.1492,0.3878
after,test,randomized_trial,wrong,1,48,0.0208,0.0037,0.109
after,test,observational,precision,40,41,0.9756,0.874,0.9957
after,test,observational,recall,40,42,0.9524,0.8421,0.9868
after,test,observational,abstention,2,42,0.0476,0.0132,0.1579
after,test,observational,wrong,0,42,0.0,0.0,0.0838
after,test,case_report,precision,35,35,1.0,0.9011,1.0
after,test,case_report,recall,35,42,0.8333,0.694,0.9168
after,test,case_report,abstention,7,42,0.1667,0.0832,0.306
after,test,case_report,wrong,0,42,0.0,0.0,0.0838
after,test,animal,precision,12,13,0.9231,0.6669,0.9863
after,test,animal,recall,12,31,0.3871,0.2373,0.5618
after,test,animal,abstention,19,31,0.6129,0.4382,0.7627
after,test,animal,wrong,0,31,0.0,0.0,0.1103
after,test,in_vitro,precision,33,33,1.0,0.8957,1.0
after,test,in_vitro,recall,33,42,0.7857,0.6406,0.8829
after,test,in_vitro,abstention,9,42,0.2143,0.1171,0.3594
after,test,in_vitro,wrong,0,42,0.0,0.0,0.0838
