world,decision,analysis,ready,expected_bits,cost,bits_per_run,chosen
selective,0,annotated,1,0.0621427774,1.0,0.0621427774,0
selective,0,assayed,1,0.4318849927,1.0,0.4318849927,1
selective,0,assayed-seed,1,0.4318849927,1.0,0.4318849927,0
selective,0,random-herbs,1,0.6997302469,21.0,0.0333204879,0
selective,0,random-herbs-2,1,0.6997302469,21.0,0.0333204879,0
selective,0,rewired,1,0.5308046643,11.0,0.0482549695,0
selective,0,rewired-2,1,0.5308046643,11.0,0.0482549695,0
selective,1,annotated,1,0.0552402259,1.0,0.0552402259,0
selective,1,assayed,0,0.0,1.0,0.0,0
selective,1,assayed-seed,1,0.0891995505,1.0,0.0891995505,1
selective,1,random-herbs,1,0.4757314475,21.0,0.0226538785,0
selective,1,random-herbs-2,1,0.4757314475,21.0,0.0226538785,0
selective,1,rewired,1,0.2205712202,11.0,0.0200519291,0
selective,1,rewired-2,1,0.2205712202,11.0,0.0200519291,0
selective,2,annotated,1,0.0365389117,1.0,0.0365389117,1
selective,2,assayed,0,0.0,1.0,0.0,0
selective,2,assayed-seed,0,0.0,1.0,0.0,0
selective,2,random-herbs,1,0.4404358008,21.0,0.0209731334,0
selective,2,random-herbs-2,1,0.4404358008,21.0,0.0209731334,0
selective,2,rewired,1,0.166777856,11.0,0.0151616233,0
selective,2,rewired-2,1,0.166777856,11.0,0.0151616233,0
selective,3,annotated,0,0.0,1.0,0.0,0
selective,3,assayed,0,0.0,1.0,0.0,0
selective,3,assayed-seed,0,0.0,1.0,0.0,0
selective,3,random-herbs,1,0.445131945,21.0,0.0211967593,1
selective,3,random-herbs-2,1,0.445131945,21.0,0.0211967593,0
selective,3,rewired,1,0.1633789167,11.0,0.0148526288,0
selective,3,rewired-2,1,0.1633789167,11.0,0.0148526288,0
selective,4,annotated,0,0.0,1.0,0.0,0
selective,4,assayed,0,0.0,1.0,0.0,0
selective,4,assayed-seed,0,0.0,1.0,0.0,0
selective,4,random-herbs,0,0.0,21.0,0.0,0
selective,4,random-herbs-2,1,0.1997757099,21.0,0.009513129,1
selective,4,rewired,1,0.0822825385,11.0,0.0074802308,0
selective,4,rewired-2,1,0.0822825385,11.0,0.0074802308,0
selective,5,annotated,0,0.0,1.0,0.0,0
selective,5,assayed,0,0.0,1.0,0.0,0
selective,5,assayed-seed,0,0.0,1.0,0.0,0
selective,5,random-herbs,0,0.0,21.0,0.0,0
selective,5,random-herbs-2,0,0.0,21.0,0.0,0
selective,5,rewired,1,0.0189198283,11.0,0.0017199844,0
selective,5,rewired-2,1,0.0189198283,11.0,0.0017199844,0
coverage,0,annotated,1,0.0621427774,1.0,0.0621427774,0
coverage,0,assayed,1,0.4318849927,1.0,0.4318849927,1
coverage,0,assayed-seed,1,0.4318849927,1.0,0.4318849927,0
coverage,0,random-herbs,1,0.6997302469,21.0,0.0333204879,0
coverage,0,random-herbs-2,1,0.6997302469,21.0,0.0333204879,0
coverage,0,rewired,1,0.5308046643,11.0,0.0482549695,0
coverage,0,rewired-2,1,0.5308046643,11.0,0.0482549695,0
coverage,1,annotated,1,0.0709641018,1.0,0.0709641018,0
coverage,1,assayed,0,0.0,1.0,0.0,0
coverage,1,assayed-seed,1,0.405976592,1.0,0.405976592,1
coverage,1,random-herbs,1,0.4938351765,21.0,0.0235159608,0
coverage,1,random-herbs-2,1,0.4938351765,21.0,0.0235159608,0
coverage,1,rewired,1,0.4386339685,11.0,0.0398758153,0
coverage,1,rewired-2,1,0.4386339685,11.0,0.0398758153,0
coverage,2,annotated,1,0.051888468,1.0,0.051888468,1
coverage,2,assayed,0,0.0,1.0,0.0,0
coverage,2,assayed-seed,0,0.0,1.0,0.0,0
coverage,2,random-herbs,1,0.1958767836,21.0,0.0093274659,0
coverage,2,random-herbs-2,1,0.1958767836,21.0,0.0093274659,0
coverage,2,rewired,1,0.1856088068,11.0,0.0168735279,0
coverage,2,rewired-2,1,0.1856088068,11.0,0.0168735279,0
coverage,3,annotated,0,0.0,1.0,0.0,0
coverage,3,assayed,0,0.0,1.0,0.0,0
coverage,3,assayed-seed,0,0.0,1.0,0.0,0
coverage,3,random-herbs,1,0.1708652308,21.0,0.0081364396,0
coverage,3,random-herbs-2,1,0.1708652308,21.0,0.0081364396,0
coverage,3,rewired,1,0.1601057715,11.0,0.0145550701,1
coverage,3,rewired-2,1,0.1601057715,11.0,0.0145550701,0
coverage,4,annotated,0,0.0,1.0,0.0,0
coverage,4,assayed,0,0.0,1.0,0.0,0
coverage,4,assayed-seed,0,0.0,1.0,0.0,0
coverage,4,random-herbs,1,0.0394177162,21.0,0.0018770341,0
coverage,4,random-herbs-2,1,0.0394177162,21.0,0.0018770341,0
coverage,4,rewired,0,0.0,11.0,0.0,0
coverage,4,rewired-2,1,0.0382141475,11.0,0.0034740134,0
promiscuous,0,annotated,1,0.0621427774,1.0,0.0621427774,0
promiscuous,0,assayed,1,0.4318849927,1.0,0.4318849927,1
promiscuous,0,assayed-seed,1,0.4318849927,1.0,0.4318849927,0
promiscuous,0,random-herbs,1,0.6997302469,21.0,0.0333204879,0
promiscuous,0,random-herbs-2,1,0.6997302469,21.0,0.0333204879,0
promiscuous,0,rewired,1,0.5308046643,11.0,0.0482549695,0
promiscuous,0,rewired-2,1,0.5308046643,11.0,0.0482549695,0
promiscuous,1,annotated,1,0.0552402259,1.0,0.0552402259,0
promiscuous,1,assayed,0,0.0,1.0,0.0,0
promiscuous,1,assayed-seed,1,0.0891995505,1.0,0.0891995505,1
promiscuous,1,random-herbs,1,0.4757314475,21.0,0.0226538785,0
promiscuous,1,random-herbs-2,1,0.4757314475,21.0,0.0226538785,0
promiscuous,1,rewired,1,0.2205712202,11.0,0.0200519291,0
promiscuous,1,rewired-2,1,0.2205712202,11.0,0.0200519291,0
promiscuous,2,annotated,1,0.0365389117,1.0,0.0365389117,1
promiscuous,2,assayed,0,0.0,1.0,0.0,0
promiscuous,2,assayed-seed,0,0.0,1.0,0.0,0
promiscuous,2,random-herbs,1,0.4404358008,21.0,0.0209731334,0
promiscuous,2,random-herbs-2,1,0.4404358008,21.0,0.0209731334,0
promiscuous,2,rewired,1,0.166777856,11.0,0.0151616233,0
promiscuous,2,rewired-2,1,0.166777856,11.0,0.0151616233,0
promiscuous,3,annotated,0,0.0,1.0,0.0,0
promiscuous,3,assayed,0,0.0,1.0,0.0,0
promiscuous,3,assayed-seed,0,0.0,1.0,0.0,0
promiscuous,3,random-herbs,1,0.445131945,21.0,0.0211967593,1
promiscuous,3,random-herbs-2,1,0.445131945,21.0,0.0211967593,0
promiscuous,3,rewired,1,0.1633789167,11.0,0.0148526288,0
promiscuous,3,rewired-2,1,0.1633789167,11.0,0.0148526288,0
promiscuous,4,annotated,0,0.0,1.0,0.0,0
promiscuous,4,assayed,0,0.0,1.0,0.0,0
promiscuous,4,assayed-seed,0,0.0,1.0,0.0,0
promiscuous,4,random-herbs,0,0.0,21.0,0.0,0
promiscuous,4,random-herbs-2,1,0.1997757099,21.0,0.009513129,1
promiscuous,4,rewired,1,0.0623530198,11.0,0.0056684563,0
promiscuous,4,rewired-2,1,0.0623530198,11.0,0.0056684563,0
promiscuous,5,annotated,0,0.0,1.0,0.0,0
promiscuous,5,assayed,0,0.0,1.0,0.0,0
promiscuous,5,assayed-seed,0,0.0,1.0,0.0,0
promiscuous,5,random-herbs,0,0.0,21.0,0.0,0
promiscuous,5,random-herbs-2,0,0.0,21.0,0.0,0
promiscuous,5,rewired,1,0.0116965179,11.0,0.0010633198,0
promiscuous,5,rewired-2,1,0.0116965179,11.0,0.0010633198,0
