analysis,explanation,outcome,p
annotated,coverage,enriched,0.9
annotated,coverage,not_enriched,0.1
annotated,promiscuity,enriched,0.9
annotated,promiscuity,not_enriched,0.1
annotated,target,enriched,0.9
annotated,target,not_enriched,0.1
assayed,coverage,enriched,0.05
assayed,coverage,not_enriched,0.95
assayed,promiscuity,enriched,0.85
assayed,promiscuity,not_enriched,0.15
assayed,target,enriched,0.85
assayed,target,not_enriched,0.15
assayed-seed,coverage,enriched,0.05
assayed-seed,coverage,not_enriched,0.95
assayed-seed,promiscuity,enriched,0.85
assayed-seed,promiscuity,not_enriched,0.15
assayed-seed,target,enriched,0.85
assayed-seed,target,not_enriched,0.15
random-herbs,coverage,not_enriched,0.9
random-herbs,coverage,not_specific,0.05
random-herbs,coverage,specific,0.05
random-herbs,promiscuity,not_enriched,0.1
random-herbs,promiscuity,not_specific,0.8
random-herbs,promiscuity,specific,0.1
random-herbs,target,not_enriched,0.1
random-herbs,target,not_specific,0.1
random-herbs,target,specific,0.8
random-herbs-2,coverage,not_enriched,0.9
random-herbs-2,coverage,not_specific,0.05
random-herbs-2,coverage,specific,0.05
random-herbs-2,promiscuity,not_enriched,0.1
random-herbs-2,promiscuity,not_specific,0.8
random-herbs-2,promiscuity,specific,0.1
random-herbs-2,target,not_enriched,0.1
random-herbs-2,target,not_specific,0.1
random-herbs-2,target,specific,0.8
rewired,coverage,beyond_wiring,0.05
rewired,coverage,explained_by_degree,0.05
rewired,coverage,not_enriched,0.9
rewired,promiscuity,beyond_wiring,0.4
rewired,promiscuity,explained_by_degree,0.5
rewired,promiscuity,not_enriched,0.1
rewired,target,beyond_wiring,0.8
rewired,target,explained_by_degree,0.1
rewired,target,not_enriched,0.1
rewired-2,coverage,beyond_wiring,0.05
rewired-2,coverage,explained_by_degree,0.05
rewired-2,coverage,not_enriched,0.9
rewired-2,promiscuity,beyond_wiring,0.4
rewired-2,promiscuity,explained_by_degree,0.5
rewired-2,promiscuity,not_enriched,0.1
rewired-2,target,beyond_wiring,0.8
rewired-2,target,explained_by_degree,0.1
rewired-2,target,not_enriched,0.1
