world,step,analysis,outcome,cost,cumulative_runs,expected_bits,bits_gained,p_target,p_coverage,p_promiscuity,p_catch-all
selective,0,,,0,0,,,0.3,0.3,0.3,0.1
selective,1,assayed,enriched,1.0,1.0,0.4318849927,0.390703181,0.4434782609,0.0260869565,0.4434782609,0.0869565217
selective,2,assayed-seed,enriched,1.0,2.0,0.0891995505,0.0414686615,0.4719651606,0.0016330974,0.4719651606,0.0544365814
selective,3,annotated,enriched,1.0,3.0,0.0365389117,0.0090523554,0.4836670179,0.0016735883,0.4836670179,0.0309923759
selective,4,random-herbs,specific,21.0,24.0,0.445131945,0.4883088111,0.8681193112,0.0001877421,0.1085149139,0.0231780328
selective,5,random-herbs-2,specific,21.0,45.0,0.1997757099,0.1065409353,0.9739344415,1.31641e-05,0.0152177256,0.0108346688
coverage,0,,,0,0,,,0.3,0.3,0.3,0.1
coverage,1,assayed,not_enriched,1.0,1.0,0.4318849927,0.4876015614,0.1058823529,0.6705882353,0.1058823529,0.1176470588
coverage,2,assayed-seed,not_enriched,1.0,2.0,0.405976592,0.1935811039,0.0218270008,0.8755052546,0.0218270008,0.0808407437
coverage,3,annotated,enriched,1.0,3.0,0.051888468,0.0132848358,0.0226404547,0.908133793,0.0226404547,0.0465852977
coverage,4,rewired,not_enriched,11.0,14.0,0.1601057715,0.0603335464,0.0027037352,0.9760483928,0.0027037352,0.0185441369
promiscuous,0,,,0,0,,,0.3,0.3,0.3,0.1
promiscuous,1,assayed,enriched,1.0,1.0,0.4318849927,0.390703181,0.4434782609,0.0260869565,0.4434782609,0.0869565217
promiscuous,2,assayed-seed,enriched,1.0,2.0,0.0891995505,0.0414686615,0.4719651606,0.0016330974,0.4719651606,0.0544365814
promiscuous,3,annotated,enriched,1.0,3.0,0.0365389117,0.0090523554,0.4836670179,0.0016735883,0.4836670179,0.0309923759
promiscuous,4,random-herbs,not_specific,21.0,24.0,0.445131945,0.4883088111,0.1085149139,0.0001877421,0.8681193112,0.0231780328
promiscuous,5,random-herbs-2,not_specific,21.0,45.0,0.1997757099,0.1065409353,0.0152177256,1.31641e-05,0.9739344415,0.0108346688
