claim_kind,design,grade
attribution,classical_text,direct
attribution,commentary,direct
attribution,expert_consensus,extrapolated
attribution,in_silico,unlicensed
attribution,in_vitro,unlicensed
attribution,animal,unlicensed
attribution,case_report,unlicensed
attribution,case_series,unlicensed
attribution,cross_sectional,unlicensed
attribution,case_control,unlicensed
attribution,cohort,unlicensed
attribution,non_randomised_trial,unlicensed
attribution,randomised_trial,unlicensed
attribution,systematic_review,unlicensed
attribution,guideline,unlicensed
attribution,unknown,unlicensed
traditional_use,classical_text,direct
traditional_use,commentary,direct
traditional_use,expert_consensus,direct
traditional_use,in_silico,unlicensed
traditional_use,in_vitro,unlicensed
traditional_use,animal,unlicensed
traditional_use,case_report,unlicensed
traditional_use,case_series,extrapolated
traditional_use,cross_sectional,unlicensed
traditional_use,case_control,unlicensed
traditional_use,cohort,unlicensed
traditional_use,non_randomised_trial,unlicensed
traditional_use,randomised_trial,unlicensed
traditional_use,systematic_review,unlicensed
traditional_use,guideline,unlicensed
traditional_use,unknown,unlicensed
mechanism_hypothesis,classical_text,extrapolated
mechanism_hypothesis,commentary,unlicensed
mechanism_hypothesis,expert_consensus,extrapolated
mechanism_hypothesis,in_silico,direct
mechanism_hypothesis,in_vitro,direct
mechanism_hypothesis,animal,direct
mechanism_hypothesis,case_report,unlicensed
mechanism_hypothesis,case_series,unlicensed
mechanism_hypothesis,cross_sectional,unlicensed
mechanism_hypothesis,case_control,extrapolated
mechanism_hypothesis,cohort,extrapolated
mechanism_hypothesis,non_randomised_trial,unlicensed
mechanism_hypothesis,randomised_trial,extrapolated
mechanism_hypothesis,systematic_review,extrapolated
mechanism_hypothesis,guideline,unlicensed
mechanism_hypothesis,unknown,unlicensed
mechanism,classical_text,unlicensed
mechanism,commentary,unlicensed
mechanism,expert_consensus,unlicensed
mechanism,in_silico,unlicensed
mechanism,in_vitro,direct
mechanism,animal,direct
mechanism,case_report,unlicensed
mechanism,case_series,unlicensed
mechanism,cross_sectional,unlicensed
mechanism,case_control,extrapolated
mechanism,cohort,extrapolated
mechanism,non_randomised_trial,unlicensed
mechanism,randomised_trial,extrapolated
mechanism,systematic_review,extrapolated
mechanism,guideline,unlicensed
mechanism,unknown,unlicensed
safety_signal,classical_text,extrapolated
safety_signal,commentary,unlicensed
safety_signal,expert_consensus,extrapolated
safety_signal,in_silico,unlicensed
safety_signal,in_vitro,extrapolated
safety_signal,animal,extrapolated
safety_signal,case_report,direct
safety_signal,case_series,direct
safety_signal,cross_sectional,direct
safety_signal,case_control,direct
safety_signal,cohort,direct
safety_signal,non_randomised_trial,direct
safety_signal,randomised_trial,direct
safety_signal,systematic_review,direct
safety_signal,guideline,unlicensed
safety_signal,unknown,unlicensed
association,classical_text,unlicensed
association,commentary,unlicensed
association,expert_consensus,unlicensed
association,in_silico,unlicensed
association,in_vitro,unlicensed
association,animal,unlicensed
association,case_report,unlicensed
association,case_series,extrapolated
association,cross_sectional,direct
association,case_control,direct
association,cohort,direct
association,non_randomised_trial,direct
association,randomised_trial,direct
association,systematic_review,direct
association,guideline,unlicensed
association,unknown,unlicensed
efficacy,classical_text,unlicensed
efficacy,commentary,unlicensed
efficacy,expert_consensus,unlicensed
efficacy,in_silico,unlicensed
efficacy,in_vitro,unlicensed
efficacy,animal,unlicensed
efficacy,case_report,unlicensed
efficacy,case_series,unlicensed
efficacy,cross_sectional,unlicensed
efficacy,case_control,unlicensed
efficacy,cohort,extrapolated
efficacy,non_randomised_trial,extrapolated
efficacy,randomised_trial,direct
efficacy,systematic_review,direct
efficacy,guideline,unlicensed
efficacy,unknown,unlicensed
recommendation,classical_text,unlicensed
recommendation,commentary,unlicensed
recommendation,expert_consensus,unlicensed
recommendation,in_silico,unlicensed
recommendation,in_vitro,unlicensed
recommendation,animal,unlicensed
recommendation,case_report,unlicensed
recommendation,case_series,unlicensed
recommendation,cross_sectional,unlicensed
recommendation,case_control,unlicensed
recommendation,cohort,unlicensed
recommendation,non_randomised_trial,unlicensed
recommendation,randomised_trial,unlicensed
recommendation,systematic_review,extrapolated
recommendation,guideline,direct
recommendation,unknown,unlicensed
