sample_id	subject_id	dataset	condition	timepoint	batch	tissue	role	original_study	mayo_endoscopic	source_status	status	subject_char	subject_source	subject_title	therapy	therapy_arm	title
GSM1900150	GSE73661:2	GSE73661	control	CO	Bp<300	colon		GSE73661			control	2	2	2	control	CO	Bp073_Control_2
GSM1900151	GSE73661:3	GSE73661	control	CO	Bp<300	colon		GSE73661			control	3	3	3	control	CO	Bp075_Control_3
GSM1900152	GSE73661:4	GSE73661	control	CO	Bp<300	colon		GSE73661			control	4	2	4	control	CO	Bp076_Control_4
GSM1900153	GSE73661:7	GSE73661	control	CO	Bp<300	colon		GSE73661			control	7	2	7	control	CO	Bp077_Control_7
GSM1900159	GSE73661:1	GSE73661	control	CO	Bp<300	colon		GSE73661			control	1	1	1	control	CO	Bp089_Control_1
GSM1900160	GSE73661:57	GSE73661	healed	W4_W6	Bp<300	colon		GSE73661	1	R	R	57	57	57	IFX	IFX	Bp093_UC R W4/6_IFX_57
GSM1900177	GSE73661:33	GSE73661	healed	W4_W6	Bp<300	colon		GSE73661	1	R	R	33	33	33	IFX	IFX	Bp112_UC R W4/6_IFX_33
GSM1900182	GSE73661:65	GSE73661	healed	W4_W6	Bp<300	colon		GSE73661	1	R	R	65	65	65	IFX	IFX	Bp119_UC R W4/6_IFX_65
GSM1900190	GSE73661:60	GSE73661	healed	W4_W6	Bp<300	colon		GSE73661	0	R	R	60	60	60	IFX	IFX	Bp135_UC R W4/6_IFX_60
GSM1900193	GSE73661:66	GSE73661	healed	W4_W6	Bp<300	colon		GSE73661	1	R	R	66	66	66	IFX	IFX	Bp140_UC R W4/6_IFX_66
GSM1900205	GSE73661:38	GSE73661	healed	W4_W6	Bp<300	colon		GSE73661	0	R	R	38	38	38	IFX	IFX	Bp155_UC R W4/6_IFX_38
GSM1900211	GSE73661:7	GSE73661	control	CO	Bp<300	colon		GSE73661			control	7	7	7	control	CO	Bp170_Control_7
GSM1900212	GSE73661:46	GSE73661	healed	W4_W6	Bp<300	colon		GSE73661	1	R	R	46	46	46	IFX	IFX	Bp179_UC R W4/6_IFX_46
GSM1900216	GSE73661:72	GSE73661	healed	W4_W6	Bp<300	colon		GSE73661	0	R	R	72	72	72	IFX	IFX	Bp192_UC R W4/6_IFX_72
GSM1900221	GSE73661:21	GSE73661	control	CO	Bp600s	colon		GSE73661			control	21	21	21	control	CO	Bp607_Control_21
GSM1900222	GSE73661:14	GSE73661	control	CO	Bp600s	colon		GSE73661			control	14	14	14	control	CO	Bp609_Control_14
GSM1900223	GSE73661:52	GSE73661	control	CO	Bp600s	colon		GSE73661			control	52	52	52	control	CO	Bp610_Control_52
GSM1900224	GSE73661:25	GSE73661	control	CO	Bp600s	colon		GSE73661			control	25	25	25	control	CO	Bp611_Control_25
GSM1900225	GSE73661:12	GSE73661	control	CO	Bp600s	colon		GSE73661			control	12	12	12	control	CO	Bp615_Control_12
GSM1900226	GSE73661:6	GSE73661	control	CO	Bp600s	colon		GSE73661			control	6	6	6	control	CO	Bp616_Control_6
